"0","m <- 10"
"0",""
"0","A <- Year_Stats %>%"
"0","  filter(no_of_films > 4) %>% "
"0"," mutate("
"0","   rating_shrunk ="
"0","   (no_of_films/(no_of_films+m))*ave_rat +"
"0","   (m/(no_of_films+m))*Total_Stats$my_ave"
"0"," )"
"0",""
"0","A <- A %>% "
"0","  mutate(new_change = ave_rat - rating_shrunk)"
"0",""
"0","Heat_Map <- build_heatmap_data() %>% "
"0","  filter(no_of_films >= 5, year >= 1975) "
"0",""
"0","#overall mean hit rate"
"0","mu <- weighted.mean(Heat_Map$My_Ratio, Heat_Map$IMDb_Countries_Rated_5_votes) # change if change heat map source"
"0",""
"0","# weighted variance of observed rates"
"0","var_p <- weighted.mean("
"0","  (Heat_Map$My_Ratio - mu)^2, "
"0","  Heat_Map$IMDb_Countries_Rated_5_votes # chaneg too"
"0",")"
"0",""
"0","var_p <- max(var_p, 1e-6)"
"0",""
"0","alpha <- mu * (mu * (1-mu) / var_p -1)"
"0","beta <- (1 - mu) * (mu * (1 - mu) / var_p - 1)"
"0",""
"0","Heat_Map <- Heat_Map %>% "
"0","  mutate("
"0","    hit_rate_shrunk ="
"0","      (no_of_films + alpha) / (IMDb_Countries_Rated_5_votes + alpha + beta) # change if source changes"
"0","  ) %>% "
"0","  mutate(coverage = no_of_films / IMDb_Countries_Rated_5_votes, rep_weight = log(1 + no_of_films)) # change of source changes"
"0",""
"0","Heat_Map_Test <- Heat_Map %>%"
"0"," mutate(,"
"0","   rating_adj = (no_of_films/(no_of_films+m))*ave_rat +"
"0","                (m/(no_of_films+m))*Total_Stats$my_ave,"
"0",""
"0","   rep_weight = log1p(no_of_films),"
"0",""
"0","   best_year_score = rating_adj * rep_weight"
"0"," )"
"0",""
"0","Tidy_Test <- Tidy_Ratings %>%"
"0","  group_by(year) %>% "
"0","  filter(n() >= Defaults$min_films) %>% "
"0"," summarise(no_of_films = n(),"
"0","   great_films = mean(your_rating >= 8)"
"0"," )"
"0",""
"0",""
"0","# "
"0","# library(lme4)"
"0","# "
"0","# model <- lmer(your_rating ~ 1 + (1 | year), data = Tidy_Ratings)"
"0","# year_effects <- ranef(model)$year"
"0","# year_effects_df <- data.frame("
"0","#   year = as.numeric(rownames(year_effects)),"
"0","#   effect = year_effects[,1]"
"0","# )"
"0","# "
"0","# year_effects_df <- year_effects_df %>%"
"0","#   mutate(adjusted_rating = effect + fixef(model)[1])"
"0",""
